<?xml version="1.0"?>
<!--<!DOCTYPE metadata SYSTEM "http://www.esri.com/metadata/esriprof80.dtd">-->
<metadata xml:lang="en"><Esri><MetaID>{48F03C8D-50B4-4DDC-B0D3-4268BEE6A781}</MetaID><CreaDate>20100707</CreaDate><CreaTime>15030400</CreaTime><SyncOnce>TRUE</SyncOnce></Esri><idinfo><citation><citeinfo><onlink Sync="TRUE">\\Winserver0\SEDACNEW\ES_indicators_subtask\CroplandPasture\Data_download\cropland.tif</onlink></citeinfo></citation></idinfo><distInfo><distributor><distorTran><onLineSrc><linkage Sync="TRUE">file://\\Winserver0\SEDACNEW\ES_indicators_subtask\CroplandPasture\Data_download\cropland.tif</linkage><protocol Sync="TRUE">Local Area Network</protocol></onLineSrc></distorTran></distributor></distInfo><dataqual><lineage><procstep><procdesc Sync="TRUE">Dataset moved.</procdesc><srcused Sync="TRUE">\\Winserver0\SEDACNEW\ES_indicators_subtask\CroplandPasture\Data_raw\cropland.tif</srcused><procdate Sync="TRUE">20100707</procdate><proctime Sync="TRUE">15030400</proctime></procstep></lineage></dataqual></metadata>
